Тренажер/упражнение,Повторения,Вес,Ощущение целевой мышцы (0–5),Что чувствовал,,Повторения,Вес,Ощущение целевой мышцы (0–5),Что чувствовал,,Повторения,Вес,Ощущение целевой мышцы (0–5),Что чувствовал,,Повторения,Вес,Ощущение целевой мышцы (0–5),Что чувствовал,,Тренажер/упражнение,Повторения,Вес,Ощущение целевой мышцы (0–5),Что чувствовал,,Тренажер/упражнение,Повторения,Вес,Ощущение целевой мышцы (0–5),Что чувствовал,,,,
,,,,,,,,,,,,,,,,,,,,,,,,,,,,,,,,,,,
Маятниковый присед,10,40-60-65-70-70,3,Общая слабость,,10,40-60-65-70-70,3,Общая слабость,,10,40-60-65-70-70 ,4,Общая слабость,,10,40-60-70-70-70,3,Общая слабость,,Маятниковый присед,10,40-60-70-70-70,3,Общая слабость,,Жим ногами сидя,10,90-100-110-120-130,5,,Приседания в смите ,10,40-60-70-70-70,
Жим ногами,10,140-160-160-160-160,3,Общая слабость,,10,140-160-160-160-170,3,Общая слабость,,10,140-160-160-160-170,4,Общая слабость,,10,120-140-160-180-200,5,,,Жим ногами,10,120-140-160-180-200,5,,,,10,120-140-160-180-200,5,,,10,120-140-160-180-200,
Разгибания,10,55-50+40+30-45+35+25,3,,,10,50-50-50-50,3,,,10,50-50-52.5-52.5,5,,,10,50-52.5-52.5-52.5,4,,,Разгибания,10,50-50+40+30-45-35-25,5,,,,10,50-50-50-50-50,5,,,10,50-50-50-55-55,
Икры,20,30-30-30-30,5,,,20,30-30-30-30,5,,,20,30-30-30-35,5,,,20,30-30-35-35,5,,,Икры,20,30-30-35-35,5,,,,20,30-35-35-35,5,,,20,35-35-35-35,
Пресс,10,40-40-40-40-40,2,Ноги,,10,40-40-40-40-40,2,Ноги,,10,40-40-40-40-40,3,Ноги,,10,40-40-40-40-40,3,Ноги,,Пресс,10,40-40-40-40-40,3,Ноги,,,10,40-40-40-40-40,3,Ноги,,10,40-40-40-45-45,
Гиперэкстензия,10,10-10-10-10-10,4,,,10,10-10-10-10-10,4,,,10,10-10-10-10-10,4,,,10,10-10-10-10-10,4,,,Гиперэкстензия,10,10-10-10-10-10,4,,,,10,10-10-10-10-10,4,,,10,10-10-10-10-15,
,,,,,,,,,,,,,,,,,,,,,,,,,,,,,,,,,,,
Вертикальная тяга одной рукой,10,60-60-60-65-65,3,Кисти,,10,60-60-65-65-65,4,Кисти,,10,65-65-65-70-70,4,,,10,65-65-70-70-70,5,,,Средняя дельта кроссовер,10,5-5-5-5-2.5,5,,,,10,5-5-5-2.5-2.5,4,,,10,5-5-5-5-5,
Горизонтальная тяга,10,50-50-50-50-50,2,Трапеции,,10,50-50-50-50-50,2,Трапеции,,10,50-50-50-50-55,3,Трапеции,,10,50-50-55-55-55,3,Кисти,,Передняя дельта ,10,40-50-50-50-50,4,,,,10,40-50-50-50-50,5,,,10,40-60-50-50-50,
Вертикальная тяга кроссовер прямая рукоять,10,45-45-40-40-40,1,Кисти/предплечья/плечи,,10,40-40-40-45-45,2,Кисти/предплечья/плечи,,10,40-40-40-45-45,3,Кисти/предплечья/плечи,,10,40-40-40-45-45,2,Кисти/предплечья,,Средняя дельта тренажёр ,10,45-45-40-40-40,4,,,,10,45-45-45-42.5-42.5,4,,,10,45-45-45-45-42.5,
Средняя дельта в тренажере,10,45-45-45-45-45,5,,,10,45-45-45-47.5-47.5,5,,,10,45-45-45-47.5-47.5,5,,,10,45-45-45-47.5-47.5,5,,,Задняя дельта ,10,10-10-10-10-10,3,,,,10,10-10-15-15-12.5,3,,,10,10-10-15-12.5-10,3
Пэк-дэк задняя дельта,10,10-10-10-10-10,0,Общая слабость,,10,10-10-10-10-10,1,Общая слабость,,10,10-12.5-12.5-10-10,1,Общая слабость,,10,,,,,Бицепс штанга ,10,20-20-20-15-15,3,,,,10,20-20-20-20-20,3,,,10,20-20-20-20-,
Бицепс штанга,10,20-20-20-20,2,Общая слабость,,10,20-20-20-20,2,Общая слабость,,10,20-20-20-20-15,4,,,10,20-20-20-20-15,4,,,Бицепс молотки ,10,16-16-16-16-16,2,,,,10,20-20-20-20-20,2,,,,,
,,,,,,,,,,,,,,,,,,,,,Трицепс ,,,,,,,10,15-15-15-17.5-17.5,4,,,10,15-15-15-,
,,,,,,,,,,,,,,,,,,,,,,,,,,,,,,,,,,,
Румынская тяга,10,40-40-40-40,2,Кисти,,10,40-40-40-40,2,Кисти,,10,40-40-40-40,2,Кисти,,10,40-40-40-40,2,Кисти,,Румынская тяга,10,40-40-40-40,3,Кисти/поясница,,,10,40-40-40-40,3,Кисти/поясница,напоминание - увеличь вес!,,,
Сгибания,12,55-55-60-60,3,,,12,55-55-60-55-50,4,,,12,55-55+45+35-55+45+35,5,,,12,55-55-55-55-50,5,,,Сгибания,12,55-52.5-50-50-50,5,,,,12,55-52.5-50-50-50,5,,,,,
Выпады,10,28-28-28,0,Общая слабость,,10,28-28-28,0,Общая слабость,,10,28-28-28,0,Общая слабость,,10,28-28-28,0,Общая слабость,,Выпады,10,28-28-28,0,Общая слабость,,,10,28-28-28,0,Общая слабость,,,,
Приведение,12,75-75-70 ,5,,,12,75-70-70,5,,,12,75-70-70,5,,,12,75-70-70,5,,,Приведение,12,75-70- 70,5,,,,12,75-70-70,5,,,,,
Отведение,12,75-75-75,3,,,12,75-70-70,3,,,12,75-70-70,4,,,12,75-70-70,4,,,Отведение,12,75-70-70,4,,,,12,75-70-70,4,,,,,
Икры,20,30-30-30-30,5,,,20,30-30-30-30,5,,,20,30-30-35-35,4,,,20,30-30-35-35,5,,,Икры,20,30-40-35-35,5,,,,20,35-35-35-35,5,,,,,
,,,,,,,,,,,,,,,,,,,,,,,,,,,,,,,,,,,
Пэк-дэк на грудь,10,15-15-15-15-17.5,4,Верх груди,,10,15-17.5-17.5-17.5-17.5,4,Верх груди,,10,15-17.5-17.5-17.5-17.5,4,Верх груди,,10,15-17.5-17.5-17.5-17.5,5,,,Пэк-дэк на грудь,10,17.5-17.5-17.5-17.5-17.5,4,,,,10,20-17.5-17.5-17.5-17.5,5,,,,,
Хаммер,10,50-45-45-40-40,1,Передняя дельта,,10,40-40-40-40-40,3,Передняя дельта/трицепс,,10,40-40-40-40-45,3,Передняя дельта/трицепс,,10,40-40-40-45-45,3,Передняя дельта/трицепс,,Вертикальная тяга одной рукой,10,65-65-65-65-70,5,,,,10,65-65-65-65-70,4,,,,,
Жим на наклонной скамье,10,20-30-30-30-30,0,Передняя дельта,,10,20-30-30-30-30,1,Передняя дельта,,10,20-30-40-30-35,2,Общая слабость,,10,15-35-35-30-25,2,Общая слабость,,Хаммер на грудь,10,40-40-40-45-45,2,Руки,,,10,40-40-40-45-45,2,Руки,,,,
Средняя дельта в кроссовере,10,5-5-5-5-5,4,Трапеции,,10,5-5-5-5-5,4,Трапеции,,10,5-5-5-5-5,4,,,10,5-5-2.5-5-2.5,4,,,Горизонтальная тяга,10,50-50-50-55-55,3,Руки,,,10,50-50-50-55-55,3,Руки,,,,
Передняя дельта в тренажере,10,,,,,10,,,,,10,20-40-30-30,4,,,10,40-50-40-40,4,,,Жим на наклонной скамье,10,20-30-30-30-30,2,Общая слабость,,,10,30-30-30-30-35,2,Общая слабость,,,,
Трицепс,10,15-15-15-12.5-12.5,5,,,10,15-15-15-15-15,5,,,10,15-15-15-15-12.5,4,,,,,,,,Вертикальная тяга кроссовер прямая рукоять,10,40-40-40-45-45,3,Руки,,,10,40-45-45-45-45,3,Руки,,,,
,,,,,,,,,,,,,,,,,,,,,,,,,,,,,,,,,,,
Изменения,,,,,,,,"Замедлил тягу верхнего блока оной рукой.
Убавил вес в хаммере, замедлил выполнение.
Убрал нагрузку на поясницу в румынской тяге.",,,,,"Добавил переднюю дельту.
Изменил технику в наклонно жиме.
Замедлил среднюю дельту в кроссовере.
Начало приема креатина.",,,,,"Сильно замедлил выполнение тяги
верхнего блока в тренажере по
одной руке.
Пропустил заднюю дельту.
Пришлось сместить переднюю
дельту в тренажере раньше жима
на наклонной скамье.
Пропустил трицепс.
Вместо маятникого приседа - смитт
с аналогичными весами.",,,"Начало новой схемы - ноги остаются
как были, плечи+руки отдельным днем,
грудь и спина вместе.",,,"Вместо маятникого приседа - смитт
с аналогичными весами.
Замедление выполнения румынской тяги
вызывает дискомфорт в пояснице.
Замедление выполнения сгибаний
приводит к уменьшению рабочих весов.",,,,,,,,,,,
,,,,,,,,,,,,,,,,,,,,,,,,,,,,,,,,,,,
"Агенда: столбец повторения показывает количество повторений в каждом подходе (Для поочередных 
упражнений указано количество на каждую конечность).
В весах указано суммарное количество килограмм 
(для гантелей = сумма гантелей, для штанги - сумма блинов и грифа).
Веса между подходами разделяются знаком (-). Если был сет, то он перечисляется через знак +. 
Например, 55-50+40+30-50 означает X повторений с весом 55, пауза, X повторений с весом 50, 
без паузы X повторений с весом 40, без паузы X повторений с весом 30, пауза, X повторений с весом 50.
В столбце ""что чувствовал"" указаны ""лишние"" мышцы, которые ощущались в процессе подхода 
(что снижает ощущение целовой мышцы). Оценка ниже 5 и отсутствие информации в столбце ""что чувствовал"" 
означает, что целевая мышца изолирована, но ощущения слишком слабые. Фраза ""общая слабость"" означает, 
что невозможно выделить никакую конкретную мышцу, и отказ наступает из-за бессилия.
Список упражнений записан в столбцах A и V. Если перед столбцом с количеством повторений указано
название упражнения - это была разовая замена по каким-либо причинам.",,,,,,,,,,,,,,,,,,,,,,,,,,,,,,,,,,,